{
    "Europe/Andorra": "ca_AD",
    "Asia/Dubai": "ar_AE",
    "Asia/Kabul": "fa_AF",
    "America/Antigua": "en_AG",
    "Europe/Tirane": "sq_AL",
    "Asia/Yerevan": "hy_AM",
    "Africa/Luanda": "pt_AO",
    "America/Argentina/Buenos_Aires": "es_AR",
    "Pacific/Pago_Pago": "en_AS",
    "Europe/Vienna": "de_AT",
    "Australia/Sydney": "en_AU",
    "America/Aruba": "nl_AW",
    "Europe/Mariehamn": "sv_AX",
    "Asia/Baku": "az_AZ",
    "Europe/Sarajevo": "bs_BA",
    "America/Barbados": "en_BB",
    "Asia/Dhaka": "bn_BD",
    "Europe/Brussels": "nl_BE",
    "Africa/Ouagadougou": "fr_BF",
    "Europe/Sofia": "bg_BG",
    "Asia/Bahrain": "ar_BH",
    "Africa/Bujumbura": "fr_BI",
    "Africa/Porto-Novo": "fr_BJ",
    "America/St_Barthelemy": "fr_BL",
    "Atlantic/Bermuda": "en_BM",
    "Asia/Brunei": "ms_BN",
    "America/La_Paz": "es_BO",
    "America/Sao_Paulo": "pt_BR",
    "America/Nassau": "en_BS",
    "Asia/Thimphu": "dz_BT",
    "Africa/Gaborone": "en_BW",
    "Europe/Minsk": "be_BY",
    "America/Belize": "en_BZ",
    "America/Toronto": "en_CA",
    "America/Vancouver": "en_CA",
    "Indian/Cocos": "en_CC",
    "Africa/Kinshasa": "fr_CD",
    "Africa/Bangui": "fr_CF",
    "Africa/Brazzaville": "fr_CG",
    "Europe/Zurich": "de_CH",
    "Africa/Abidjan": "fr_CI",
    "Pacific/Rarotonga": "en_CK",
    "America/Santiago": "es_CL",
    "Africa/Douala": "fr_CM",
    "Asia/Shanghai": "zh_CN",
    "America/Bogota": "es_CO",
    "America/Costa_Rica": "es_CR",
    "America/Havana": "es_CU",
    "Atlantic/Cape_Verde": "pt_CV",
    "America/Curacao": "nl_CW",
    "Indian/Christmas": "en_CX",
    "Asia/Nicosia": "el_CY",
    "Europe/Prague": "cs_CZ",
    "Europe/Berlin": "de_DE",
    "Africa/Djibouti": "fr_DJ",
    "Europe/Copenhagen": "da_DK",
    "America/Dominica": "en_DM",
    "America/Santo_Domingo": "es_DO",
    "Africa/Algiers": "ar_DZ",
    "America/Guayaquil": "es_EC",
    "Europe/Tallinn": "et_EE",
    "Africa/Cairo": "ar_EG",
    "Africa/Asmara": "ti_ER",
    "Europe/Madrid": "es_ES",
    "Africa/Addis_Ababa": "am_ET",
    "Europe/Helsinki": "fi_FI",
    "Pacific/Fiji": "en_FJ",
    "Atlantic/Stanley": "en_FK",
    "Pacific/Chuuk": "en_FM",
    "Atlantic/Faroe": "fo_FO",
    "Europe/Paris": "fr_FR",
    "Africa/Libreville": "fr_GA",
    "Europe/London": "en_GB",
    "America/Grenada": "en_GD",
    "Asia/Tbilisi": "ka_GE",
    "America/Cayenne": "fr_GF",
    "Europe/Guernsey": "en_GG",
    "Africa/Accra": "en_GH",
    "Europe/Gibraltar": "en_GI",
    "America/Godthab": "kl_GL",
    "Africa/Banjul": "en_GM",
    "Africa/Conakry": "fr_GN",
    "America/Guadeloupe": "fr_GP",
    "Africa/Malabo": "es_GQ",
    "Europe/Athens": "el_GR",
    "America/Guatemala": "es_GT",
    "Pacific/Guam": "en_GU",
    "Africa/Bissau": "pt_GW",
    "America/Guyana": "en_GY",
    "Asia/Hong_Kong": "zh_HK",
    "America/Tegucigalpa": "es_HN",
    "Europe/Zagreb": "hr_HR",
    "America/Port-au-Prince": "fr_HT",
    "Europe/Budapest": "hu_HU",
    "Asia/Jakarta": "id_ID",
    "Europe/Dublin": "en_IE",
    "Asia/Jerusalem": "he_IL",
    "Europe/Isle_of_Man": "en_IM",
    "Asia/Kolkata": "hi_IN",
    "Indian/Chagos": "en_IO",
    "Asia/Baghdad": "ar_IQ",
    "Asia/Tehran": "fa_IR",
    "Atlantic/Reykjavik": "is_IS",
    "Europe/Rome": "it_IT",
    "Europe/Jersey": "en_JE",
    "America/Jamaica": "en_JM",
    "Asia/Amman": "ar_JO",
    "Asia/Tokyo": "ja_JP",
    "Africa/Nairobi": "en_KE",
    "Asia/Bishkek": "ky_KG",
    "Asia/Phnom_Penh": "km_KH",
    "Pacific/Tarawa": "en_KI",
    "Indian/Comoro": "fr_KM",
    "America/St_Kitts": "en_KN",
    "Asia/Pyongyang": "ko_KP",
    "Asia/Seoul": "ko_KR",
    "Asia/Kuwait": "ar_KW",
    "America/Cayman": "en_KY",
    "Asia/Almaty": "kk_KZ",
    "Asia/Vientiane": "lo_LA",
    "Asia/Beirut": "ar_LB",
    "America/St_Lucia": "en_LC",
    "Europe/Vaduz": "de_LI",
    "Asia/Colombo": "si_LK",
    "Africa/Monrovia": "en_LR",
    "Africa/Maseru": "en_LS",
    "Europe/Vilnius": "lt_LT",
    "Europe/Luxembourg": "fr_LU",
    "Europe/Riga": "lv_LV",
    "Africa/Tripoli": "ar_LY",
    "Africa/Casablanca": "ar_MA",
    "Europe/Monaco": "fr_MC",
    "Europe/Chisinau": "ro_MD",
    "Europe/Podgorica": "sr_ME",
    "America/Marigot": "fr_MF",
    "Indian/Antananarivo": "mg_MG",
    "Pacific/Majuro": "en_MH",
    "Europe/Skopje": "mk_MK",
    "Africa/Bamako": "fr_ML",
    "Asia/Yangon": "my_MM",
    "Asia/Ulaanbaatar": "mn_MN",
    "Asia/Macau": "zh_MO",
    "Pacific/Saipan": "en_MP",
    "America/Martinique": "fr_MQ",
    "Africa/Nouakchott": "ar_MR",
    "America/Montserrat": "en_MS",
    "Europe/Malta": "mt_MT",
    "Indian/Mauritius": "en_MU",
    "Indian/Maldives": "dv_MV",
    "Africa/Blantyre": "en_MW",
    "America/Mexico_City": "es_MX",
    "Asia/Kuala_Lumpur": "ms_MY",
    "Africa/Maputo": "pt_MZ",
    "Africa/Windhoek": "en_NA",
    "Pacific/Noumea": "fr_NC",
    "Africa/Niamey": "fr_NE",
    "Pacific/Norfolk": "en_NF",
    "Africa/Lagos": "en_NG",
    "America/Managua": "es_NI",
    "Europe/Amsterdam": "nl_NL",
    "Europe/Oslo": "nb_NO",
    "Asia/Kathmandu": "ne_NP",
    "Pacific/Nauru": "en_NR",
    "Pacific/Niue": "en_NU",
    "Pacific/Auckland": "en_NZ",
    "Asia/Muscat": "ar_OM",
    "America/Panama": "es_PA",
    "America/Lima": "es_PE",
    "Pacific/Tahiti": "fr_PF",
    "Pacific/Port_Moresby": "en_PG",
    "Asia/Manila": "en_PH",
    "Asia/Karachi": "ur_PK",
    "Europe/Warsaw": "pl_PL",
    "America/Miquelon": "fr_PM",
    "Pacific/Pitcairn": "en_PN",
    "America/Puerto_Rico": "es_PR",
    "Asia/Gaza": "ar_PS",
    "Europe/Lisbon": "pt_PT",
    "Pacific/Palau": "en_PW",
    "America/Asuncion": "es_PY",
    "Asia/Qatar": "ar_QA",
    "Indian/Reunion": "fr_RE",
    "Europe/Bucharest": "ro_RO",
    "Europe/Belgrade": "sr_RS",
    "Europe/Moscow": "ru_RU",
    "Africa/Kigali": "rw_RW",
    "Asia/Riyadh": "ar_SA",
    "Pacific/Guadalcanal": "en_SB",
    "Indian/Mahe": "en_SC",
    "Africa/Khartoum": "ar_SD",
    "Europe/Stockholm": "sv_SE",
    "Asia/Singapore": "en_SG",
    "Atlantic/St_Helena": "en_SH",
    "Europe/Ljubljana": "sl_SI",
    "Arctic/Longyearbyen": "nb_NO",
    "Europe/Bratislava": "sk_SK",
    "Africa/Freetown": "en_SL",
    "Europe/San_Marino": "it_SM",
    "Africa/Dakar": "fr_SN",
    "Africa/Mogadishu": "so_SO",
    "America/Paramaribo": "nl_SR",
    "Africa/Juba": "en_SS",
    "Africa/Sao_Tome": "pt_ST",
    "America/El_Salvador": "es_SV",
    "America/Lower_Princes": "nl_SX",
    "Asia/Damascus": "ar_SY",
    "Africa/Mbabane": "en_SZ",
    "America/Grand_Turk": "en_TC",
    "Africa/Ndjamena": "fr_TD",
    "Indian/Kerguelen": "fr_FR",
    "Africa/Lome": "fr_TG",
    "Asia/Bangkok": "th_TH",
    "Asia/Dushanbe": "tg_TJ",
    "Pacific/Fakaofo": "en_TK",
    "Asia/Dili": "pt_TL",
    "Asia/Ashgabat": "tk_TM",
    "Africa/Tunis": "ar_TN",
    "Pacific/Tongatapu": "to_TO",
    "Europe/Istanbul": "tr_TR",
    "America/Port_of_Spain": "en_TT",
    "Pacific/Funafuti": "en_TV",
    "Asia/Taipei": "zh_TW",
    "Africa/Dar_es_Salaam": "en_TZ",
    "Europe/Kiev": "uk_UA",
    "Africa/Kampala": "en_UG",
    "Pacific/Midway": "en_UM",
    "America/New_York": "en_US",
    "America/Montevideo": "es_UY",
    "Asia/Tashkent": "uz_UZ",
    "Europe/Vatican": "it_VA",
    "America/St_Vincent": "en_VC",
    "America/Caracas": "es_VE",
    "America/Tortola": "en_VG",
    "America/St_Thomas": "en_VI",
    "Asia/Ho_Chi_Minh": "vi_VN",
    "Pacific/Efate": "en_VU",
    "Pacific/Wallis": "fr_WF",
    "Pacific/Apia": "en_WS",
    "Asia/Aden": "ar_YE",
    "Indian/Mayotte": "fr_YT",
    "Africa/Johannesburg": "en_ZA",
    "Africa/Lusaka": "en_ZM",
    "Africa/Harare": "en_ZW"
}